Frequency (Hz),Frequency (rad/sec),Gain (V/V),Gain (dB),Phase (Deg),Phase (Rad),Group Delay (uSec)
0.001,0.006,2,6.021,0,0,1064
10,62.832,2,6.02,-3.833,-0.067,1066.232
10.116,63.559,2,6.02,-3.878,-0.068,1066.283
10.233,64.295,2,6.02,-3.922,-0.068,1066.337
10.351,65.04,2,6.02,-3.968,-0.069,1066.391
10.471,65.793,2,6.02,-4.014,-0.07,1066.446
10.593,66.555,2,6.02,-4.061,-0.071,1066.503
10.715,67.326,2,6.02,-4.108,-0.072,1066.561
10.839,68.105,2,6.02,-4.155,-0.073,1066.621
10.965,68.894,2,6.02,-4.203,-0.073,1066.682
11.092,69.692,2,6.02,-4.252,-0.074,1066.744
11.22,70.498,2,6.02,-4.302,-0.075,1066.808
11.35,71.315,2,6.02,-4.351,-0.076,1066.873
11.482,72.141,2,6.02,-4.402,-0.077,1066.94
11.614,72.976,2,6.02,-4.453,-0.078,1067.008
11.749,73.821,2,6.02,-4.505,-0.079,1067.078
11.885,74.676,2,6.02,-4.557,-0.08,1067.149
12.023,75.541,2,6.02,-4.61,-0.08,1067.222
12.162,76.415,2,6.02,-4.663,-0.081,1067.297
12.303,77.3,2,6.02,-4.717,-0.082,1067.374
12.445,78.195,2,6.02,-4.772,-0.083,1067.452
12.589,79.101,2,6.02,-4.828,-0.084,1067.532
12.735,80.017,2,6.02,-4.884,-0.085,1067.614
12.882,80.943,2,6.02,-4.94,-0.086,1067.698
13.032,81.88,2,6.02,-4.998,-0.087,1067.784
13.183,82.829,2,6.02,-5.056,-0.088,1067.871
13.335,83.788,2,6.02,-5.114,-0.089,1067.961
13.49,84.758,2,6.02,-5.174,-0.09,1068.053
13.646,85.739,2,6.02,-5.234,-0.091,1068.147
13.804,86.732,2,6.02,-5.294,-0.092,1068.243
13.964,87.736,2,6.02,-5.356,-0.093,1068.341
14.125,88.752,2,6.02,-5.418,-0.095,1068.442
14.289,89.78,2,6.02,-5.481,-0.096,1068.545
14.454,90.82,2,6.02,-5.545,-0.097,1068.65
14.622,91.871,2,6.02,-5.609,-0.098,1068.758
14.791,92.935,2,6.02,-5.674,-0.099,1068.868
14.962,94.011,2,6.02,-5.74,-0.1,1068.981
15.136,95.1,2,6.02,-5.807,-0.101,1069.097
15.311,96.201,2,6.02,-5.874,-0.103,1069.215
15.488,97.315,2,6.02,-5.943,-0.104,1069.335
15.668,98.442,2,6.02,-6.012,-0.105,1069.459
15.849,99.582,2,6.02,-6.081,-0.106,1069.585
16.032,100.735,2,6.019,-6.152,-0.107,1069.715
16.218,101.901,2,6.019,-6.224,-0.109,1069.847
16.406,103.081,2,6.019,-6.296,-0.11,1069.982
16.596,104.275,2,6.019,-6.369,-0.111,1070.121
16.788,105.482,2,6.019,-6.443,-0.112,1070.262
16.982,106.704,2,6.019,-6.518,-0.114,1070.407
17.179,107.939,2,6.019,-6.594,-0.115,1070.555
17.378,109.189,2,6.019,-6.67,-0.116,1070.707
17.579,110.454,2,6.019,-6.748,-0.118,1070.862
17.783,111.733,2,6.019,-6.827,-0.119,1071.021
17.989,113.026,2,6.019,-6.906,-0.121,1071.183
18.197,114.335,2,6.019,-6.986,-0.122,1071.349
18.408,115.659,2,6.019,-7.068,-0.123,1071.519
18.621,116.998,2,6.019,-7.15,-0.125,1071.692
18.836,118.353,2,6.019,-7.233,-0.126,1071.87
19.055,119.724,2,6.019,-7.317,-0.128,1072.051
19.275,121.11,2,6.019,-7.402,-0.129,1072.237
19.498,122.512,2,6.019,-7.488,-0.131,1072.427
19.724,123.931,2,6.019,-7.576,-0.132,1072.622
19.953,125.366,2,6.019,-7.664,-0.134,1072.821
20.184,126.818,2,6.019,-7.753,-0.135,1073.024
20.417,128.286,2,6.019,-7.843,-0.137,1073.232
20.654,129.772,2,6.019,-7.935,-0.138,1073.445
20.893,131.274,2,6.019,-8.027,-0.14,1073.663
21.135,132.794,2,6.018,-8.121,-0.142,1073.885
21.38,134.332,1.999,6.018,-8.215,-0.143,1074.113
21.627,135.888,1.999,6.018,-8.311,-0.145,1074.346
21.878,137.461,1.999,6.018,-8.408,-0.147,1074.584
22.131,139.053,1.999,6.018,-8.506,-0.148,1074.828
22.387,140.663,1.999,6.018,-8.605,-0.15,1075.077
22.646,142.292,1.999,6.018,-8.705,-0.152,1075.332
22.909,143.939,1.999,6.018,-8.807,-0.154,1075.592
23.174,145.606,1.999,6.018,-8.91,-0.156,1075.859
23.442,147.292,1.999,6.018,-9.014,-0.157,1076.131
23.714,148.998,1.999,6.018,-9.119,-0.159,1076.41
23.988,150.723,1.999,6.018,-9.225,-0.161,1076.695
24.266,152.468,1.999,6.018,-9.333,-0.163,1076.986
24.547,154.234,1.999,6.018,-9.442,-0.165,1077.284
24.831,156.02,1.999,6.017,-9.552,-0.167,1077.589
25.119,157.826,1.999,6.017,-9.664,-0.169,1077.901
25.41,159.654,1.999,6.017,-9.777,-0.171,1078.219
25.704,161.503,1.999,6.017,-9.891,-0.173,1078.545
26.002,163.373,1.999,6.017,-10.006,-0.175,1078.878
26.303,165.265,1.999,6.017,-10.123,-0.177,1079.219
26.607,167.178,1.999,6.017,-10.242,-0.179,1079.567
26.915,169.114,1.999,6.017,-10.361,-0.181,1079.923
27.227,171.072,1.999,6.017,-10.483,-0.183,1080.287
27.542,173.053,1.999,6.016,-10.605,-0.185,1080.659
27.861,175.057,1.999,6.016,-10.729,-0.187,1081.04
28.184,177.084,1.999,6.016,-10.855,-0.189,1081.429
28.51,179.135,1.999,6.016,-10.982,-0.192,1081.827
28.84,181.209,1.999,6.016,-11.111,-0.194,1082.234
29.174,183.307,1.999,6.016,-11.241,-0.196,1082.649
29.512,185.43,1.999,6.016,-11.372,-0.198,1083.074
29.854,187.577,1.999,6.016,-11.506,-0.201,1083.509
30.2,189.749,1.999,6.015,-11.641,-0.203,1083.953
30.549,191.946,1.999,6.015,-11.777,-0.206,1084.406
30.903,194.169,1.999,6.015,-11.915,-0.208,1084.87
31.261,196.417,1.999,6.015,-12.055,-0.21,1085.345
31.623,198.692,1.999,6.015,-12.196,-0.213,1085.829
31.989,200.993,1.999,6.015,-12.34,-0.215,1086.325
32.359,203.32,1.999,6.014,-12.485,-0.218,1086.831
32.734,205.674,1.999,6.014,-12.631,-0.22,1087.348
33.113,208.056,1.998,6.014,-12.78,-0.223,1087.877
33.497,210.465,1.998,6.014,-12.93,-0.226,1088.417
33.884,212.902,1.998,6.013,-13.082,-0.228,1088.97
34.277,215.367,1.998,6.013,-13.236,-0.231,1089.534
34.674,217.861,1.998,6.013,-13.391,-0.234,1090.11
35.075,220.384,1.998,6.013,-13.549,-0.236,1090.699
35.481,222.936,1.998,6.012,-13.708,-0.239,1091.301
35.892,225.517,1.998,6.012,-13.87,-0.242,1091.916
36.308,228.129,1.998,6.012,-14.033,-0.245,1092.545
36.728,230.77,1.998,6.012,-14.199,-0.248,1093.186
37.154,233.442,1.998,6.011,-14.366,-0.251,1093.842
37.584,236.146,1.998,6.011,-14.536,-0.254,1094.512
38.019,238.88,1.998,6.011,-14.707,-0.257,1095.196
38.459,241.646,1.998,6.01,-14.881,-0.26,1095.895
38.905,244.444,1.998,6.01,-15.057,-0.263,1096.609
39.355,247.275,1.997,6.01,-15.234,-0.266,1097.338
39.811,250.138,1.997,6.009,-15.415,-0.269,1098.082
40.272,253.035,1.997,6.009,-15.597,-0.272,1098.842
40.738,255.965,1.997,6.009,-15.781,-0.275,1099.619
41.21,258.929,1.997,6.008,-15.968,-0.279,1100.411
41.687,261.927,1.997,6.008,-16.157,-0.282,1101.221
42.17,264.96,1.997,6.007,-16.349,-0.285,1102.047
42.658,268.028,1.997,6.007,-16.543,-0.289,1102.891
43.152,271.131,1.997,6.006,-16.739,-0.292,1103.752
43.652,274.271,1.997,6.006,-16.937,-0.296,1104.631
44.157,277.447,1.996,6.005,-17.138,-0.299,1105.529
44.668,280.66,1.996,6.005,-17.342,-0.303,1106.445
45.186,283.909,1.996,6.004,-17.548,-0.306,1107.379
45.709,287.197,1.996,6.004,-17.757,-0.31,1108.333
46.238,290.523,1.996,6.003,-17.968,-0.314,1109.307
46.774,293.887,1.996,6.002,-18.182,-0.317,1110.3
47.315,297.29,1.996,6.002,-18.399,-0.321,1111.313
47.863,300.732,1.995,6.001,-18.618,-0.325,1112.347
48.417,304.214,1.995,6,-18.84,-0.329,1113.401
48.978,307.737,1.995,5.999,-19.065,-0.333,1114.477
49.545,311.301,1.995,5.999,-19.292,-0.337,1115.573
50.119,314.905,1.995,5.998,-19.523,-0.341,1116.692
50.699,318.552,1.995,5.997,-19.756,-0.345,1117.833
51.286,322.24,1.994,5.996,-19.993,-0.349,1118.995
51.88,325.972,1.994,5.995,-20.232,-0.353,1120.181
52.481,329.746,1.994,5.994,-20.474,-0.357,1121.389
53.088,333.565,1.994,5.993,-20.72,-0.362,1122.621
53.703,337.427,1.993,5.992,-20.969,-0.366,1123.876
54.325,341.334,1.993,5.991,-21.22,-0.37,1125.156
54.954,345.287,1.993,5.99,-21.475,-0.375,1126.459
55.59,349.285,1.993,5.989,-21.733,-0.379,1127.786
56.234,353.329,1.992,5.988,-21.995,-0.384,1129.139
56.885,357.421,1.992,5.987,-22.26,-0.389,1130.516
57.544,361.56,1.992,5.985,-22.528,-0.393,1131.918
58.21,365.746,1.992,5.984,-22.8,-0.398,1133.346
58.884,369.981,1.991,5.982,-23.075,-0.403,1134.8
59.566,374.266,1.991,5.981,-23.354,-0.408,1136.28
60.256,378.599,1.991,5.979,-23.636,-0.413,1137.785
60.954,382.983,1.99,5.978,-23.922,-0.418,1139.317
61.66,387.418,1.99,5.976,-24.212,-0.423,1140.876
62.373,391.904,1.989,5.974,-24.505,-0.428,1142.461
63.096,396.442,1.989,5.973,-24.802,-0.433,1144.073
63.826,401.033,1.989,5.971,-25.103,-0.438,1145.711
64.565,405.677,1.988,5.969,-25.409,-0.443,1147.377
65.313,410.374,1.988,5.967,-25.718,-0.449,1149.07
66.069,415.126,1.987,5.965,-26.031,-0.454,1150.79
66.834,419.933,1.987,5.962,-26.348,-0.46,1152.537
67.608,424.795,1.986,5.96,-26.669,-0.465,1154.312
68.391,429.714,1.986,5.958,-26.995,-0.471,1156.113
69.183,434.69,1.985,5.955,-27.325,-0.477,1157.942
69.984,439.724,1.984,5.952,-27.659,-0.483,1159.797
70.795,444.815,1.984,5.95,-27.997,-0.489,1161.679
71.614,449.966,1.983,5.947,-28.341,-0.495,1163.588
72.444,455.177,1.982,5.944,-28.688,-0.501,1165.523
73.282,460.447,1.982,5.941,-29.041,-0.507,1167.484
74.131,465.779,1.981,5.937,-29.397,-0.513,1169.471
74.989,471.172,1.98,5.934,-29.759,-0.519,1171.483
75.858,476.628,1.979,5.93,-30.126,-0.526,1173.521
76.736,482.147,1.979,5.927,-30.497,-0.532,1175.582
77.625,487.73,1.978,5.923,-30.874,-0.539,1177.668
78.524,493.378,1.977,5.919,-31.255,-0.546,1179.776
79.433,499.091,1.976,5.915,-31.641,-0.552,1181.907
80.353,504.87,1.975,5.91,-32.033,-0.559,1184.06
81.283,510.716,1.974,5.906,-32.43,-0.566,1186.234
82.224,516.63,1.973,5.901,-32.832,-0.573,1188.428
83.176,522.613,1.972,5.896,-33.24,-0.58,1190.64
84.14,528.664,1.97,5.891,-33.653,-0.587,1192.871
85.114,534.786,1.969,5.886,-34.072,-0.595,1195.118
86.099,540.978,1.968,5.88,-34.497,-0.602,1197.38
87.096,547.243,1.967,5.874,-34.927,-0.61,1199.656
88.105,553.579,1.965,5.868,-35.363,-0.617,1201.945
89.125,559.989,1.964,5.862,-35.805,-0.625,1204.244
90.157,566.474,1.962,5.855,-36.252,-0.633,1206.552
91.201,573.033,1.961,5.848,-36.706,-0.641,1208.867
92.257,579.669,1.959,5.841,-37.166,-0.649,1211.186
93.325,586.381,1.957,5.833,-37.633,-0.657,1213.509
94.406,593.171,1.956,5.825,-38.105,-0.665,1215.832
95.499,600.04,1.954,5.817,-38.584,-0.673,1218.152
96.605,606.988,1.952,5.809,-39.07,-0.682,1220.468
97.724,614.016,1.95,5.8,-39.562,-0.69,1222.777
98.855,621.126,1.948,5.79,-40.06,-0.699,1225.074
100,628.319,1.946,5.781,-40.565,-0.708,1227.358
101.158,635.594,1.943,5.771,-41.078,-0.717,1229.625
102.329,642.954,1.941,5.76,-41.597,-0.726,1231.872
103.514,650.399,1.938,5.749,-42.122,-0.735,1234.093
104.713,657.93,1.936,5.737,-42.655,-0.744,1236.287
105.925,665.549,1.933,5.726,-43.196,-0.754,1238.448
107.152,673.255,1.93,5.713,-43.743,-0.763,1240.572
108.393,681.051,1.928,5.7,-44.298,-0.773,1242.655
109.648,688.938,1.925,5.687,-44.859,-0.783,1244.692
110.917,696.915,1.921,5.672,-45.429,-0.793,1246.677
112.202,704.985,1.918,5.658,-46.006,-0.803,1248.606
113.501,713.148,1.915,5.642,-46.59,-0.813,1250.473
114.815,721.406,1.911,5.626,-47.182,-0.823,1252.272
116.145,729.76,1.908,5.61,-47.782,-0.834,1253.997
117.49,738.21,1.904,5.592,-48.39,-0.845,1255.642
118.85,746.758,1.9,5.574,-49.005,-0.855,1257.2
120.226,755.405,1.896,5.556,-49.628,-0.866,1258.666
121.619,764.152,1.891,5.536,-50.259,-0.877,1260.031
123.027,773.001,1.887,5.516,-50.898,-0.888,1261.289
124.451,781.952,1.882,5.495,-51.546,-0.9,1262.433
125.893,791.006,1.878,5.473,-52.201,-0.911,1263.454
127.35,800.166,1.873,5.45,-52.864,-0.923,1264.344
128.825,809.431,1.868,5.426,-53.536,-0.934,1265.097
130.317,818.804,1.862,5.401,-54.215,-0.946,1265.703
131.826,828.285,1.857,5.375,-54.903,-0.958,1266.154
133.352,837.876,1.851,5.348,-55.599,-0.97,1266.441
134.896,847.578,1.845,5.32,-56.303,-0.983,1266.556
136.458,857.393,1.839,5.291,-57.015,-0.995,1266.489
138.038,867.321,1.833,5.261,-57.735,-1.008,1266.232
139.637,877.364,1.826,5.23,-58.464,-1.02,1265.775
141.254,887.524,1.819,5.198,-59.2,-1.033,1265.11
142.889,897.801,1.812,5.164,-59.945,-1.046,1264.226
144.544,908.197,1.805,5.129,-60.698,-1.059,1263.115
146.218,918.713,1.797,5.093,-61.458,-1.073,1261.768
147.911,929.351,1.79,5.055,-62.227,-1.086,1260.174
149.624,940.113,1.782,5.016,-63.004,-1.1,1258.326
151.356,950.999,1.773,4.976,-63.788,-1.113,1256.214
153.109,962.011,1.765,4.934,-64.58,-1.127,1253.829
154.882,973.15,1.756,4.89,-65.379,-1.141,1251.162
156.675,984.419,1.747,4.845,-66.186,-1.155,1248.206
158.489,995.818,1.738,4.799,-67,-1.169,1244.951
160.325,1007.349,1.728,4.75,-67.821,-1.184,1241.391
162.181,1019.013,1.718,4.701,-68.65,-1.198,1237.518
164.059,1030.813,1.708,4.649,-69.485,-1.213,1233.324
165.959,1042.749,1.697,4.596,-70.327,-1.227,1228.804
167.88,1054.824,1.687,4.541,-71.175,-1.242,1223.951
169.824,1067.038,1.676,4.484,-72.03,-1.257,1218.761
171.791,1079.394,1.664,4.425,-72.891,-1.272,1213.228
173.78,1091.892,1.653,4.364,-73.758,-1.287,1207.347
175.792,1104.536,1.641,4.302,-74.63,-1.303,1201.117
177.828,1117.326,1.629,4.237,-75.508,-1.318,1194.534
179.887,1130.264,1.616,4.171,-76.391,-1.333,1187.596
181.97,1143.352,1.604,4.102,-77.279,-1.349,1180.302
184.077,1156.591,1.591,4.032,-78.171,-1.364,1172.652
186.209,1169.984,1.577,3.959,-79.068,-1.38,1164.646
188.365,1183.532,1.564,3.884,-79.969,-1.396,1156.287
190.546,1197.236,1.55,3.808,-80.873,-1.412,1147.576
192.752,1211.1,1.536,3.728,-81.781,-1.427,1138.517
194.984,1225.123,1.522,3.647,-82.692,-1.443,1129.114
197.242,1239.31,1.507,3.564,-83.606,-1.459,1119.373
199.526,1253.66,1.493,3.478,-84.522,-1.475,1109.299
201.837,1268.177,1.478,3.391,-85.441,-1.491,1098.9
204.174,1282.862,1.462,3.301,-86.361,-1.507,1088.184
206.538,1297.717,1.447,3.208,-87.282,-1.523,1077.159
208.93,1312.743,1.431,3.114,-88.205,-1.539,1065.836
211.349,1327.944,1.415,3.017,-89.128,-1.556,1054.224
213.796,1343.321,1.399,2.918,-90.052,-1.572,1042.336
216.272,1358.876,1.383,2.817,-90.975,-1.588,1030.183
218.776,1374.611,1.367,2.713,-91.898,-1.604,1017.777
221.309,1390.528,1.35,2.608,-92.821,-1.62,1005.133
223.872,1406.63,1.333,2.5,-93.742,-1.636,992.264
226.464,1422.918,1.317,2.389,-94.662,-1.652,979.185
229.087,1439.395,1.3,2.277,-95.58,-1.668,965.91
231.739,1456.062,1.283,2.162,-96.496,-1.684,952.455
234.423,1472.922,1.266,2.045,-97.41,-1.7,938.835
237.137,1489.978,1.248,1.926,-98.32,-1.716,925.067
239.883,1507.231,1.231,1.805,-99.228,-1.732,911.166
242.661,1524.684,1.214,1.682,-100.132,-1.748,897.148
245.471,1542.339,1.196,1.556,-101.033,-1.763,883.03
248.313,1560.199,1.179,1.429,-101.929,-1.779,868.827
251.189,1578.265,1.161,1.299,-102.821,-1.795,854.556
254.097,1596.54,1.144,1.167,-103.708,-1.81,840.233
257.04,1615.027,1.126,1.033,-104.59,-1.825,825.873
260.016,1633.728,1.109,0.898,-105.468,-1.841,811.493
263.027,1652.646,1.091,0.76,-106.339,-1.856,797.106
266.073,1671.783,1.074,0.621,-107.206,-1.871,782.728
269.153,1691.141,1.057,0.479,-108.066,-1.886,768.374
272.27,1710.724,1.039,0.336,-108.92,-1.901,754.056
275.423,1730.533,1.022,0.191,-109.767,-1.916,739.789
278.612,1750.572,1.005,0.044,-110.609,-1.93,725.586
281.838,1770.842,0.988,-0.105,-111.443,-1.945,711.459
285.102,1791.348,0.971,-0.255,-112.271,-1.959,697.42
288.403,1812.09,0.954,-0.407,-113.091,-1.974,683.48
291.743,1833.073,0.937,-0.561,-113.905,-1.988,669.649
295.121,1854.299,0.921,-0.716,-114.711,-2.002,655.939
298.538,1875.771,0.904,-0.873,-115.509,-2.016,642.357
301.995,1897.492,0.888,-1.031,-116.3,-2.03,628.914
305.492,1919.464,0.872,-1.191,-117.084,-2.043,615.616
309.03,1941.69,0.856,-1.352,-117.859,-2.057,602.473
312.608,1964.174,0.84,-1.514,-118.627,-2.07,589.49
316.228,1986.918,0.824,-1.678,-119.387,-2.084,576.675
319.89,2009.925,0.809,-1.843,-120.139,-2.097,564.032
323.594,2033.199,0.793,-2.01,-120.882,-2.11,551.567
327.341,2056.742,0.778,-2.178,-121.618,-2.123,539.286
331.131,2080.558,0.763,-2.346,-122.346,-2.135,527.191
334.965,2104.65,0.748,-2.516,-123.065,-2.148,515.286
338.844,2129.021,0.734,-2.688,-123.776,-2.16,503.575
342.768,2153.674,0.719,-2.86,-124.48,-2.173,492.06
346.737,2178.612,0.705,-3.033,-125.174,-2.185,480.743
350.752,2203.839,0.691,-3.207,-125.861,-2.197,469.626
354.813,2229.358,0.677,-3.383,-126.54,-2.209,458.71
358.922,2255.173,0.664,-3.559,-127.21,-2.22,447.997
363.078,2281.287,0.65,-3.736,-127.873,-2.232,437.485
367.282,2307.703,0.637,-3.914,-128.527,-2.243,427.177
371.535,2334.425,0.624,-4.093,-129.173,-2.255,417.07
375.837,2361.456,0.611,-4.273,-129.812,-2.266,407.166
380.189,2388.8,0.599,-4.453,-130.442,-2.277,397.463
384.592,2416.461,0.586,-4.635,-131.064,-2.288,387.96
389.045,2444.443,0.574,-4.817,-131.679,-2.298,378.656
393.55,2472.748,0.562,-5,-132.285,-2.309,369.549
398.107,2501.381,0.551,-5.183,-132.884,-2.319,360.638
402.717,2530.346,0.539,-5.367,-133.476,-2.33,351.92
407.38,2559.646,0.528,-5.552,-134.059,-2.34,343.394
412.098,2589.285,0.517,-5.737,-134.635,-2.35,335.057
416.869,2619.268,0.506,-5.923,-135.204,-2.36,326.907
421.697,2649.597,0.495,-6.11,-135.765,-2.37,318.942
426.58,2680.278,0.484,-6.297,-136.319,-2.379,311.158
431.519,2711.314,0.474,-6.484,-136.865,-2.389,303.553
436.516,2742.71,0.464,-6.672,-137.404,-2.398,296.125
441.57,2774.469,0.454,-6.861,-137.937,-2.407,288.87
446.684,2806.596,0.444,-7.05,-138.462,-2.417,281.785
451.856,2839.095,0.435,-7.239,-138.98,-2.426,274.868
457.088,2871.97,0.425,-7.429,-139.491,-2.435,268.116
462.381,2905.226,0.416,-7.62,-139.996,-2.443,261.525
467.735,2938.867,0.407,-7.81,-140.494,-2.452,255.092
473.151,2972.897,0.398,-8.002,-140.985,-2.461,248.815
478.63,3007.322,0.389,-8.193,-141.47,-2.469,242.689
484.172,3042.145,0.381,-8.385,-141.948,-2.477,236.713
489.779,3077.371,0.373,-8.577,-142.42,-2.486,230.883
495.45,3113.005,0.364,-8.77,-142.885,-2.494,225.195
501.187,3149.052,0.356,-8.962,-143.345,-2.502,219.648
506.991,3185.517,0.349,-9.155,-143.798,-2.51,214.237
512.861,3222.403,0.341,-9.349,-144.245,-2.518,208.96
518.8,3259.717,0.333,-9.542,-144.686,-2.525,203.814
524.807,3297.463,0.326,-9.736,-145.122,-2.533,198.795
530.884,3335.645,0.319,-9.931,-145.551,-2.54,193.902
537.032,3374.27,0.312,-10.125,-145.975,-2.548,189.13
543.25,3413.343,0.305,-10.32,-146.393,-2.555,184.478
549.541,3452.867,0.298,-10.514,-146.806,-2.562,179.941
555.904,3492.849,0.291,-10.71,-147.213,-2.569,175.519
562.341,3533.295,0.285,-10.905,-147.614,-2.576,171.207
568.853,3574.208,0.279,-11.1,-148.011,-2.583,167.004
575.44,3615.596,0.272,-11.296,-148.402,-2.59,162.906
582.103,3657.462,0.266,-11.492,-148.788,-2.597,158.911
588.844,3699.814,0.26,-11.688,-149.169,-2.603,155.016
595.662,3742.656,0.255,-11.884,-149.545,-2.61,151.22
602.56,3785.994,0.249,-12.08,-149.915,-2.617,147.519
609.537,3829.833,0.243,-12.277,-150.281,-2.623,143.911
616.595,3874.181,0.238,-12.473,-150.643,-2.629,140.394
623.735,3919.042,0.233,-12.67,-150.999,-2.635,136.965
630.957,3964.422,0.227,-12.867,-151.351,-2.642,133.623
638.263,4010.328,0.222,-13.064,-151.698,-2.648,130.365
645.654,4056.765,0.217,-13.261,-152.041,-2.654,127.189
653.131,4103.74,0.212,-13.458,-152.379,-2.66,124.092
660.693,4151.259,0.208,-13.656,-152.712,-2.665,121.074
668.344,4199.329,0.203,-13.853,-153.042,-2.671,118.131
676.083,4247.955,0.198,-14.051,-153.367,-2.677,115.263
683.912,4297.144,0.194,-14.249,-153.688,-2.682,112.466
691.831,4346.902,0.19,-14.446,-154.005,-2.688,109.74
699.842,4397.237,0.185,-14.644,-154.317,-2.693,107.082
707.946,4448.155,0.181,-14.842,-154.626,-2.699,104.49
716.143,4499.662,0.177,-15.04,-154.93,-2.704,101.964
724.436,4551.765,0.173,-15.238,-155.231,-2.709,99.501
732.825,4604.472,0.169,-15.437,-155.528,-2.714,97.099
741.31,4657.79,0.165,-15.635,-155.821,-2.72,94.757
749.894,4711.724,0.162,-15.833,-156.11,-2.725,92.474
758.578,4766.283,0.158,-16.032,-156.396,-2.73,90.248
767.361,4821.474,0.154,-16.23,-156.678,-2.735,88.077
776.247,4877.304,0.151,-16.429,-156.956,-2.739,85.96
785.236,4933.781,0.147,-16.627,-157.231,-2.744,83.896
794.328,4990.911,0.144,-16.826,-157.502,-2.749,81.883
803.526,5048.704,0.141,-17.025,-157.77,-2.754,79.921
812.831,5107.165,0.138,-17.223,-158.034,-2.758,78.006
822.243,5166.303,0.135,-17.422,-158.296,-2.763,76.14
831.764,5226.126,0.132,-17.621,-158.553,-2.767,74.319
841.395,5286.642,0.129,-17.82,-158.808,-2.772,72.543
851.138,5347.858,0.126,-18.019,-159.059,-2.776,70.812
860.994,5409.783,0.123,-18.218,-159.308,-2.78,69.123
870.964,5472.426,0.12,-18.417,-159.553,-2.785,67.475
881.049,5535.793,0.117,-18.616,-159.795,-2.789,65.868
891.251,5599.895,0.115,-18.815,-160.034,-2.793,64.301
901.571,5664.739,0.112,-19.014,-160.27,-2.797,62.772
912.011,5730.333,0.109,-19.213,-160.503,-2.801,61.281
922.571,5796.687,0.107,-19.412,-160.733,-2.805,59.826
933.254,5863.81,0.105,-19.612,-160.96,-2.809,58.407
944.061,5931.709,0.102,-19.811,-161.185,-2.813,57.023
954.993,6000.395,0.1,-20.01,-161.407,-2.817,55.672
966.051,6069.877,0.098,-20.209,-161.626,-2.821,54.354
977.237,6140.163,0.095,-20.409,-161.842,-2.825,53.069
988.553,6211.262,0.093,-20.608,-162.056,-2.828,51.814
1000,6283.185,0.091,-20.808,-162.267,-2.832,50.591
1011.579,6355.941,0.089,-21.007,-162.475,-2.836,49.397
1023.293,6429.539,0.087,-21.206,-162.681,-2.839,48.231
1035.142,6503.99,0.085,-21.406,-162.884,-2.843,47.095
1047.129,6579.303,0.083,-21.605,-163.085,-2.846,45.985
1059.254,6655.487,0.081,-21.805,-163.283,-2.85,44.903
1071.519,6732.554,0.079,-22.004,-163.479,-2.853,43.847
1083.927,6810.514,0.078,-22.204,-163.673,-2.857,42.816
1096.478,6889.376,0.076,-22.403,-163.864,-2.86,41.81
1109.175,6969.151,0.074,-22.603,-164.053,-2.863,40.828
1122.018,7049.85,0.072,-22.803,-164.239,-2.867,39.87
1135.011,7131.483,0.071,-23.002,-164.424,-2.87,38.935
1148.154,7214.062,0.069,-23.202,-164.606,-2.873,38.023
1161.449,7297.597,0.068,-23.401,-164.786,-2.876,37.132
1174.898,7382.099,0.066,-23.601,-164.963,-2.879,36.263
1188.502,7467.58,0.065,-23.801,-165.139,-2.882,35.414
1202.264,7554.05,0.063,-24,-165.312,-2.885,34.586
1216.186,7641.522,0.062,-24.2,-165.483,-2.888,33.778
1230.269,7730.007,0.06,-24.4,-165.653,-2.891,32.989
1244.515,7819.516,0.059,-24.599,-165.82,-2.894,32.219
1258.925,7910.062,0.058,-24.799,-165.985,-2.897,31.467
1273.503,8001.656,0.056,-24.999,-166.148,-2.9,30.733
1288.25,8094.311,0.055,-25.199,-166.309,-2.903,30.016
1303.167,8188.038,0.054,-25.398,-166.469,-2.905,29.317
1318.257,8282.851,0.052,-25.598,-166.626,-2.908,28.634
1333.521,8378.762,0.051,-25.798,-166.782,-2.911,27.968
1348.963,8475.784,0.05,-25.998,-166.935,-2.914,27.317
1364.583,8573.929,0.049,-26.197,-167.087,-2.916,26.682
1380.384,8673.21,0.048,-26.397,-167.237,-2.919,26.061
1396.368,8773.641,0.047,-26.597,-167.385,-2.921,25.456
1412.538,8875.235,0.046,-26.797,-167.532,-2.924,24.865
1428.894,8978.006,0.045,-26.997,-167.676,-2.927,24.287
1445.44,9081.966,0.044,-27.196,-167.819,-2.929,23.724
1462.177,9187.13,0.043,-27.396,-167.961,-2.931,23.173
1479.108,9293.512,0.042,-27.596,-168.1,-2.934,22.636
1496.236,9401.126,0.041,-27.796,-168.238,-2.936,22.111
1513.561,9509.986,0.04,-27.996,-168.375,-2.939,21.599
1531.087,9620.106,0.039,-28.196,-168.509,-2.941,21.099
1548.817,9731.502,0.038,-28.395,-168.642,-2.943,20.61
1566.751,9844.187,0.037,-28.595,-168.774,-2.946,20.133
1584.893,9958.178,0.036,-28.795,-168.904,-2.948,19.667
1603.245,10073.488,0.036,-28.995,-169.032,-2.95,19.212
1621.81,10190.133,0.035,-29.195,-169.159,-2.952,18.768
1640.59,10308.13,0.034,-29.395,-169.285,-2.955,18.334
1659.587,10427.492,0.033,-29.595,-169.409,-2.957,17.911
1678.804,10548.237,0.032,-29.795,-169.531,-2.959,17.497
1698.244,10670.38,0.032,-29.994,-169.652,-2.961,17.093
1717.908,10793.937,0.031,-30.194,-169.772,-2.963,16.698
1737.801,10918.925,0.03,-30.394,-169.89,-2.965,16.313
1757.924,11045.36,0.03,-30.594,-170.007,-2.967,15.937
1778.279,11173.259,0.029,-30.794,-170.122,-2.969,15.569
1798.871,11302.639,0.028,-30.994,-170.236,-2.971,15.21
1819.701,11433.518,0.028,-31.194,-170.349,-2.973,14.86
1840.772,11565.912,0.027,-31.394,-170.46,-2.975,14.517
1862.087,11699.839,0.026,-31.594,-170.57,-2.977,14.183
1883.649,11835.316,0.026,-31.794,-170.679,-2.979,13.856
1905.461,11972.363,0.025,-31.993,-170.787,-2.981,13.537
1927.525,12110.996,0.025,-32.193,-170.893,-2.983,13.225
1949.845,12251.235,0.024,-32.393,-170.998,-2.984,12.921
1972.423,12393.098,0.023,-32.593,-171.102,-2.986,12.624
1995.262,12536.603,0.023,-32.793,-171.204,-2.988,12.333
2018.366,12681.77,0.022,-32.993,-171.306,-2.99,12.05
2041.738,12828.618,0.022,-33.193,-171.406,-2.992,11.773
2065.38,12977.166,0.021,-33.393,-171.505,-2.993,11.502
2089.296,13127.435,0.021,-33.593,-171.603,-2.995,11.238
2113.489,13279.443,0.02,-33.793,-171.7,-2.997,10.979
2137.962,13433.212,0.02,-33.993,-171.795,-2.998,10.727
2162.719,13588.761,0.02,-34.193,-171.89,-3,10.481
2187.762,13746.112,0.019,-34.393,-171.983,-3.002,10.24
2213.095,13905.284,0.019,-34.593,-172.076,-3.003,10.005
2238.721,14066.3,0.018,-34.793,-172.167,-3.005,9.775
2264.644,14229.18,0.018,-34.992,-172.257,-3.006,9.551
2290.868,14393.946,0.017,-35.192,-172.346,-3.008,9.332
2317.395,14560.62,0.017,-35.392,-172.434,-3.01,9.118
2344.229,14729.224,0.017,-35.592,-172.521,-3.011,8.908
2371.374,14899.78,0.016,-35.792,-172.607,-3.013,8.704
2398.833,15072.312,0.016,-35.992,-172.692,-3.014,8.504
2426.61,15246.841,0.016,-36.192,-172.776,-3.016,8.31
2454.709,15423.391,0.015,-36.392,-172.859,-3.017,8.119
2483.133,15601.985,0.015,-36.592,-172.942,-3.018,7.933
2511.886,15782.648,0.014,-36.792,-173.023,-3.02,7.751
2540.973,15965.402,0.014,-36.992,-173.103,-3.021,7.574
2570.396,16150.273,0.014,-37.192,-173.182,-3.023,7.4
2600.16,16337.284,0.014,-37.392,-173.261,-3.024,7.23
2630.268,16526.461,0.013,-37.592,-173.338,-3.025,7.065
2660.725,16717.829,0.013,-37.792,-173.415,-3.027,6.903
2691.535,16911.412,0.013,-37.992,-173.49,-3.028,6.745
2722.701,17107.237,0.012,-38.192,-173.565,-3.029,6.591
2754.229,17305.329,0.012,-38.392,-173.639,-3.031,6.44
2786.121,17505.716,0.012,-38.592,-173.712,-3.032,6.292
2818.383,17708.422,0.011,-38.792,-173.784,-3.033,6.148
2851.018,17913.476,0.011,-38.992,-173.856,-3.034,6.008
2884.032,18120.904,0.011,-39.192,-173.926,-3.036,5.87
2917.427,18330.735,0.011,-39.392,-173.996,-3.037,5.736
2951.209,18542.994,0.01,-39.592,-174.065,-3.038,5.605
2985.383,18757.712,0.01,-39.792,-174.133,-3.039,5.476
3019.952,18974.916,0.01,-39.992,-174.201,-3.04,5.351
3054.921,19194.635,0.01,-40.192,-174.267,-3.042,5.229
3090.295,19416.899,0.01,-40.392,-174.333,-3.043,5.109
3126.079,19641.736,0.009,-40.591,-174.398,-3.044,4.992
3162.278,19869.177,0.009,-40.791,-174.462,-3.045,4.878
3198.895,20099.251,0.009,-40.991,-174.526,-3.046,4.767
3235.937,20331.989,0.009,-41.191,-174.589,-3.047,4.658
3273.407,20567.422,0.009,-41.391,-174.651,-3.048,4.551
3311.311,20805.582,0.008,-41.591,-174.712,-3.049,4.447
3349.654,21046.499,0.008,-41.791,-174.773,-3.05,4.346
3388.442,21290.206,0.008,-41.991,-174.833,-3.051,4.246
3427.678,21536.735,0.008,-42.191,-174.892,-3.052,4.149
3467.369,21786.119,0.008,-42.391,-174.951,-3.053,4.055
3507.519,22038.39,0.007,-42.591,-175.009,-3.054,3.962
3548.134,22293.583,0.007,-42.791,-175.066,-3.055,3.872
3589.219,22551.73,0.007,-42.991,-175.123,-3.056,3.783
3630.781,22812.867,0.007,-43.191,-175.179,-3.057,3.697
3672.823,23077.028,0.007,-43.391,-175.234,-3.058,3.612
3715.352,23344.247,0.007,-43.591,-175.289,-3.059,3.53
3758.374,23614.561,0.006,-43.791,-175.343,-3.06,3.449
3801.894,23888.004,0.006,-43.991,-175.396,-3.061,3.37
3845.918,24164.614,0.006,-44.191,-175.449,-3.062,3.294
3890.451,24444.427,0.006,-44.391,-175.501,-3.063,3.218
3935.501,24727.481,0.006,-44.591,-175.553,-3.064,3.145
3981.072,25013.811,0.006,-44.791,-175.604,-3.065,3.073
4027.17,25303.458,0.006,-44.991,-175.654,-3.066,3.003
4073.803,25596.458,0.006,-45.191,-175.704,-3.067,2.934
4120.975,25892.851,0.005,-45.391,-175.753,-3.067,2.867
4168.694,26192.676,0.005,-45.591,-175.802,-3.068,2.802
4216.965,26495.973,0.005,-45.791,-175.85,-3.069,2.738
4265.795,26802.782,0.005,-45.991,-175.898,-3.07,2.676
4315.191,27113.143,0.005,-46.191,-175.945,-3.071,2.615
4365.158,27427.099,0.005,-46.391,-175.991,-3.072,2.555
4415.704,27744.689,0.005,-46.591,-176.037,-3.072,2.497
4466.836,28065.958,0.005,-46.791,-176.083,-3.073,2.44
4518.559,28390.946,0.004,-46.991,-176.127,-3.074,2.384
4570.882,28719.698,0.004,-47.191,-176.172,-3.075,2.33
4623.81,29052.256,0.004,-47.391,-176.216,-3.076,2.277
4677.351,29388.666,0.004,-47.591,-176.259,-3.076,2.225
4731.513,29728.97,0.004,-47.791,-176.302,-3.077,2.174
4786.301,30073.216,0.004,-47.991,-176.344,-3.078,2.124
4841.724,30421.447,0.004,-48.191,-176.386,-3.079,2.076
4897.788,30773.711,0.004,-48.391,-176.428,-3.079,2.028
4954.502,31130.054,0.004,-48.591,-176.469,-3.08,1.982
5011.872,31490.523,0.004,-48.791,-176.509,-3.081,1.937
5069.907,31855.166,0.004,-48.991,-176.549,-3.081,1.893
5128.614,32224.031,0.003,-49.191,-176.589,-3.082,1.85
5188,32597.168,0.003,-49.391,-176.628,-3.083,1.808
5248.075,32974.625,0.003,-49.591,-176.666,-3.083,1.766
5308.844,33356.453,0.003,-49.791,-176.705,-3.084,1.726
5370.318,33742.703,0.003,-49.991,-176.742,-3.085,1.687
5432.503,34133.425,0.003,-50.191,-176.78,-3.085,1.648
5495.409,34528.671,0.003,-50.391,-176.817,-3.086,1.611
5559.043,34928.495,0.003,-50.591,-176.853,-3.087,1.574
5623.413,35332.948,0.003,-50.791,-176.889,-3.087,1.538
5688.529,35742.084,0.003,-50.991,-176.925,-3.088,1.503
5754.399,36155.958,0.003,-51.191,-176.96,-3.089,1.469
5821.032,36574.624,0.003,-51.391,-176.995,-3.089,1.435
5888.437,36998.138,0.003,-51.591,-177.029,-3.09,1.403
5956.621,37426.556,0.003,-51.791,-177.063,-3.09,1.371
6025.596,37859.935,0.003,-51.991,-177.097,-3.091,1.339
6095.369,38298.333,0.002,-52.191,-177.13,-3.092,1.309
6165.95,38741.807,0.002,-52.391,-177.163,-3.092,1.279
6237.348,39190.416,0.002,-52.591,-177.196,-3.093,1.25
6309.573,39644.219,0.002,-52.791,-177.228,-3.093,1.221
6382.635,40103.278,0.002,-52.991,-177.259,-3.094,1.194
6456.542,40567.652,0.002,-53.191,-177.291,-3.094,1.166
6531.306,41037.403,0.002,-53.391,-177.322,-3.095,1.14
6606.934,41512.594,0.002,-53.591,-177.353,-3.095,1.114
6683.439,41993.287,0.002,-53.791,-177.383,-3.096,1.088
6760.83,42479.546,0.002,-53.991,-177.413,-3.096,1.064
6839.116,42971.436,0.002,-54.191,-177.442,-3.097,1.039
6918.31,43469.022,0.002,-54.391,-177.472,-3.097,1.016
6998.42,43972.369,0.002,-54.591,-177.501,-3.098,0.993
7079.458,44481.546,0.002,-54.791,-177.529,-3.098,0.97
7161.434,44996.618,0.002,-54.991,-177.558,-3.099,0.948
7244.36,45517.654,0.002,-55.191,-177.586,-3.099,0.926
7328.245,46044.723,0.002,-55.391,-177.613,-3.1,0.905
7413.102,46577.896,0.002,-55.591,-177.641,-3.1,0.885
7498.942,47117.243,0.002,-55.791,-177.668,-3.101,0.864
7585.776,47662.835,0.002,-55.991,-177.694,-3.101,0.845
7673.615,48214.744,0.002,-56.191,-177.721,-3.102,0.825
7762.471,48773.045,0.002,-56.391,-177.747,-3.102,0.807
7852.356,49337.81,0.001,-56.591,-177.773,-3.103,0.788
7943.282,49909.115,0.001,-56.791,-177.798,-3.103,0.77
8035.261,50487.035,0.001,-56.991,-177.823,-3.104,0.753
8128.305,51071.648,0.001,-57.191,-177.848,-3.104,0.736
8222.426,51663.029,0.001,-57.391,-177.873,-3.104,0.719
8317.638,52261.259,0.001,-57.591,-177.897,-3.105,0.703
8413.951,52866.416,0.001,-57.791,-177.921,-3.105,0.687
8511.38,53478.58,0.001,-57.991,-177.945,-3.106,0.671
8609.938,54097.833,0.001,-58.191,-177.969,-3.106,0.656
8709.636,54724.256,0.001,-58.391,-177.992,-3.107,0.641
8810.489,55357.933,0.001,-58.591,-178.015,-3.107,0.626
8912.509,55998.948,0.001,-58.791,-178.038,-3.107,0.612
9015.711,56647.385,0.001,-58.991,-178.06,-3.108,0.598
9120.108,57303.331,0.001,-59.191,-178.082,-3.108,0.584
9225.714,57966.872,0.001,-59.391,-178.104,-3.109,0.571
9332.543,58638.097,0.001,-59.591,-178.126,-3.109,0.558
9440.609,59317.094,0.001,-59.791,-178.148,-3.109,0.545
9549.926,60003.954,0.001,-59.991,-178.169,-3.11,0.533
9660.509,60698.767,0.001,-60.191,-178.19,-3.11,0.521
9772.372,61401.625,0.001,-60.391,-178.21,-3.11,0.509
9885.531,62112.623,0.001,-60.591,-178.231,-3.111,0.497
10000,62831.853,0.001,-60.791,-178.251,-3.111,0.486
10115.795,63559.412,0.001,-60.991,-178.271,-3.111,0.475
10232.93,64295.395,0.001,-61.191,-178.291,-3.112,0.464
10351.422,65039.901,0.001,-61.391,-178.311,-3.112,0.453
10471.285,65793.027,0.001,-61.591,-178.33,-3.112,0.443
10592.537,66554.874,0.001,-61.791,-178.349,-3.113,0.433
10715.193,67325.544,0.001,-61.991,-178.368,-3.113,0.423
10839.269,68105.137,0.001,-62.191,-178.387,-3.113,0.414
10964.782,68893.757,0.001,-62.391,-178.405,-3.114,0.404
11091.748,69691.509,0.001,-62.591,-178.423,-3.114,0.395
11220.185,70498.499,0.001,-62.791,-178.441,-3.114,0.386
11350.108,71314.833,0.001,-62.991,-178.459,-3.115,0.377
11481.536,72140.62,0.001,-63.191,-178.477,-3.115,0.369
11614.486,72975.969,0.001,-63.391,-178.494,-3.115,0.36
11748.976,73820.991,0.001,-63.591,-178.512,-3.116,0.352
11885.022,74675.797,0.001,-63.791,-178.529,-3.116,0.344
12022.644,75540.502,0.001,-63.991,-178.545,-3.116,0.336
12161.86,76415.22,0.001,-64.191,-178.562,-3.116,0.328
12302.688,77300.067,0.001,-64.391,-178.579,-3.117,0.321
12445.146,78195.159,0.001,-64.591,-178.595,-3.117,0.314
12589.254,79100.617,0.001,-64.791,-178.611,-3.117,0.307
12735.031,80016.558,0.001,-64.991,-178.627,-3.118,0.3
12882.496,80943.107,0.001,-65.191,-178.643,-3.118,0.293
13031.668,81880.384,0.001,-65.391,-178.658,-3.118,0.286
13182.567,82828.514,0.001,-65.591,-178.673,-3.118,0.28
13335.214,83787.623,0.001,-65.791,-178.689,-3.119,0.273
13489.629,84757.838,0.001,-65.991,-178.704,-3.119,0.267
13645.831,85739.287,0,-66.191,-178.718,-3.119,0.261
13803.843,86732.101,0,-66.391,-178.733,-3.119,0.255
13963.684,87736.412,0,-66.591,-178.748,-3.12,0.249
14125.375,88752.351,0,-66.791,-178.762,-3.12,0.243
14288.94,89780.055,0,-66.991,-178.776,-3.12,0.238
14454.398,90819.659,0,-67.191,-178.79,-3.12,0.233
14621.772,91871.301,0,-67.391,-178.804,-3.121,0.227
14791.084,92935.121,0,-67.591,-178.818,-3.121,0.222
14962.357,94011.259,0,-67.791,-178.831,-3.121,0.217
15135.612,95099.858,0,-67.991,-178.845,-3.121,0.212
15310.875,96201.062,0,-68.191,-178.858,-3.122,0.207
15488.166,97315.018,0,-68.391,-178.871,-3.122,0.203
15667.511,98441.873,0,-68.591,-178.884,-3.122,0.198
15848.932,99581.776,0,-68.791,-178.897,-3.122,0.193
16032.454,100734.879,0,-68.991,-178.909,-3.123,0.189
16218.101,101901.334,0,-69.191,-178.922,-3.123,0.185
16405.898,103081.296,0,-69.391,-178.934,-3.123,0.18
16595.869,104274.921,0,-69.591,-178.946,-3.123,0.176
16788.04,105482.367,0,-69.791,-178.958,-3.123,0.172
16982.437,106703.796,0,-69.991,-178.97,-3.124,0.168
17179.084,107939.367,0,-70.191,-178.982,-3.124,0.165
17378.008,109189.246,0,-70.391,-178.994,-3.124,0.161
17579.236,110453.598,0,-70.591,-179.005,-3.124,0.157
17782.794,111732.591,0,-70.791,-179.017,-3.124,0.154
17988.709,113026.393,0,-70.991,-179.028,-3.125,0.15
18197.009,114335.177,0,-71.191,-179.039,-3.125,0.147
18407.72,115659.116,0,-71.391,-179.05,-3.125,0.143
18620.871,116998.385,0,-71.591,-179.061,-3.125,0.14
18836.491,118353.163,0,-71.791,-179.072,-3.125,0.137
19054.607,119723.628,0,-71.991,-179.082,-3.126,0.134
19275.249,121109.962,0,-72.191,-179.093,-3.126,0.131
19498.446,122512.349,0,-72.391,-179.103,-3.126,0.128
19724.227,123930.976,0,-72.591,-179.113,-3.126,0.125
19952.623,125366.029,0,-72.791,-179.124,-3.126,0.122
20183.664,126817.699,0,-72.991,-179.134,-3.126,0.119
20417.379,128286.179,0,-73.191,-179.144,-3.127,0.117
20653.802,129771.662,0,-73.391,-179.153,-3.127,0.114
20892.961,131274.348,0,-73.591,-179.163,-3.127,0.111
21134.89,132794.433,0,-73.791,-179.173,-3.127,0.109
21379.621,134332.12,0,-73.991,-179.182,-3.127,0.106
21627.185,135887.613,0,-74.191,-179.191,-3.127,0.104
21877.616,137461.117,0,-74.391,-179.201,-3.128,0.101
22130.947,139052.842,0,-74.591,-179.21,-3.128,0.099
22387.211,140662.998,0,-74.791,-179.219,-3.128,0.097
22646.443,142291.798,0,-74.991,-179.228,-3.128,0.095
22908.677,143939.46,0,-75.191,-179.237,-3.128,0.093
23173.946,145606.2,0,-75.391,-179.245,-3.128,0.09
23442.288,147292.24,0,-75.591,-179.254,-3.129,0.088
23713.737,148997.804,0,-75.791,-179.263,-3.129,0.086
23988.329,150723.118,0,-75.991,-179.271,-3.129,0.084
24266.101,152468.409,0,-76.191,-179.279,-3.129,0.082
24547.089,154233.91,0,-76.391,-179.288,-3.129,0.081
24831.331,156019.854,0,-76.591,-179.296,-3.129,0.079
25118.864,157826.479,0,-76.791,-179.304,-3.129,0.077
25409.727,159654.024,0,-76.991,-179.312,-3.13,0.075
25703.958,161502.73,0,-77.191,-179.32,-3.13,0.074
26001.596,163372.844,0,-77.391,-179.327,-3.13,0.072
26302.68,165264.612,0,-77.591,-179.335,-3.13,0.07
26607.251,167178.286,0,-77.791,-179.343,-3.13,0.069
26915.348,169114.119,0,-77.991,-179.35,-3.13,0.067
27227.013,171072.369,0,-78.191,-179.358,-3.13,0.066
27542.287,173053.293,0,-78.391,-179.365,-3.131,0.064
27861.212,175057.156,0,-78.591,-179.372,-3.131,0.063
28183.829,177084.222,0,-78.791,-179.38,-3.131,0.061
28510.183,179134.761,0,-78.991,-179.387,-3.131,0.06
28840.315,181209.044,0,-79.191,-179.394,-3.131,0.058
29174.27,183307.345,0,-79.391,-179.401,-3.131,0.057
29512.092,185429.945,0,-79.591,-179.407,-3.131,0.056
29853.826,187577.122,0,-79.791,-179.414,-3.131,0.055
30199.517,189749.163,0,-79.991,-179.421,-3.131,0.053
30549.211,191946.355,0,-80.191,-179.428,-3.132,0.052
30902.954,194168.989,0,-80.391,-179.434,-3.132,0.051
31260.794,196417.359,0,-80.591,-179.441,-3.132,0.05
31622.777,198691.765,0,-80.791,-179.447,-3.132,0.049
31988.951,200992.508,0,-80.991,-179.453,-3.132,0.047
32359.366,203319.891,0,-81.191,-179.46,-3.132,0.046
32734.069,205674.224,0,-81.391,-179.466,-3.132,0.045
33113.112,208055.82,0,-81.591,-179.472,-3.132,0.044
33496.544,210464.993,0,-81.791,-179.478,-3.132,0.043
33884.416,212902.062,0,-81.991,-179.484,-3.133,0.042
34276.779,215367.352,0,-82.191,-179.49,-3.133,0.041
34673.685,217861.188,0,-82.391,-179.496,-3.133,0.04
35075.187,220383.902,0,-82.591,-179.501,-3.133,0.039
35481.339,222935.827,0,-82.791,-179.507,-3.133,0.039
35892.193,225517.303,0,-82.991,-179.513,-3.133,0.038
36307.805,228128.67,0,-83.191,-179.518,-3.133,0.037
36728.23,230770.275,0,-83.391,-179.524,-3.133,0.036
37153.523,233442.469,0,-83.591,-179.529,-3.133,0.035
37583.74,236145.606,0,-83.791,-179.535,-3.133,0.034
38018.94,238880.043,0,-83.991,-179.54,-3.134,0.034
38459.178,241646.143,0,-84.191,-179.545,-3.134,0.033
38904.514,244444.274,0,-84.391,-179.551,-3.134,0.032
39355.008,247274.805,0,-84.591,-179.556,-3.134,0.031
39810.717,250138.112,0,-84.791,-179.561,-3.134,0.031
40271.703,253034.575,0,-84.991,-179.566,-3.134,0.03
40738.028,255964.578,0,-85.191,-179.571,-3.134,0.029
41209.752,258928.508,0,-85.391,-179.576,-3.134,0.029
41686.938,261926.759,0,-85.591,-179.581,-3.134,0.028
42169.65,264959.727,0,-85.791,-179.585,-3.134,0.027
42657.952,268027.816,0,-85.991,-179.59,-3.134,0.027
43151.908,271131.432,0,-86.191,-179.595,-3.135,0.026
43651.583,274270.986,0,-86.391,-179.599,-3.135,0.025
44157.045,277446.895,0,-86.591,-179.604,-3.135,0.025
44668.359,280659.578,0,-86.791,-179.609,-3.135,0.024
45185.594,283909.463,0,-86.991,-179.613,-3.135,0.024
45708.819,287196.98,0,-87.191,-179.617,-3.135,0.023
46238.102,290522.564,0,-87.391,-179.622,-3.135,0.023
46773.514,293886.657,0,-87.591,-179.626,-3.135,0.022
47315.126,297289.704,0,-87.791,-179.63,-3.135,0.022
47863.009,300732.156,0,-87.991,-179.635,-3.135,0.021
48417.237,304214.471,0,-88.191,-179.639,-3.135,0.021
48977.882,307737.108,0,-88.391,-179.643,-3.135,0.02
49545.019,311300.536,0,-88.591,-179.647,-3.135,0.02
50118.723,314905.226,0,-88.791,-179.651,-3.136,0.019
50699.071,318551.657,0,-88.991,-179.655,-3.136,0.019
51286.138,322240.311,0,-89.191,-179.659,-3.136,0.018
51880.004,325971.678,0,-89.391,-179.663,-3.136,0.018
52480.746,329746.252,0,-89.591,-179.667,-3.136,0.018
53088.444,333564.534,0,-89.791,-179.671,-3.136,0.017
53703.18,337427.029,0,-89.991,-179.674,-3.136,0.017
54325.033,341334.25,0,-90.191,-179.678,-3.136,0.016
54954.087,345286.714,0,-90.391,-179.682,-3.136,0.016
55590.426,349284.946,0,-90.591,-179.685,-3.136,0.016
56234.133,353329.475,0,-90.791,-179.689,-3.136,0.015
56885.293,357420.838,0,-90.991,-179.693,-3.136,0.015
57543.994,361559.576,0,-91.191,-179.696,-3.136,0.015
58210.322,365746.239,0,-91.391,-179.7,-3.136,0.014
58884.366,369981.38,0,-91.591,-179.703,-3.136,0.014
59566.214,374265.563,0,-91.791,-179.706,-3.136,0.014
60255.959,378599.354,0,-91.991,-179.71,-3.137,0.013
60953.69,382983.328,0,-92.191,-179.713,-3.137,0.013
61659.5,387418.066,0,-92.391,-179.716,-3.137,0.013
62373.484,391904.155,0,-92.591,-179.72,-3.137,0.012
63095.734,396442.192,0,-92.791,-179.723,-3.137,0.012
63826.349,401032.776,0,-92.991,-179.726,-3.137,0.012
64565.423,405676.517,0,-93.191,-179.729,-3.137,0.012
65313.055,410374.029,0,-93.391,-179.732,-3.137,0.011
66069.345,415125.937,0,-93.591,-179.735,-3.137,0.011
66834.392,419932.868,0,-93.791,-179.738,-3.137,0.011
67608.298,424795.462,0,-93.991,-179.741,-3.137,0.011
68391.165,429714.361,0,-94.191,-179.744,-3.137,0.01
69183.097,434690.219,0,-94.391,-179.747,-3.137,0.01
69984.2,439723.695,0,-94.591,-179.75,-3.137,0.01
70794.578,444815.455,0,-94.791,-179.753,-3.137,0.01
71614.341,449966.175,0,-94.991,-179.756,-3.137,0.009
72443.596,455176.538,0,-95.191,-179.759,-3.137,0.009
73282.453,460447.234,0,-95.391,-179.761,-3.137,0.009
74131.024,465778.962,0,-95.591,-179.764,-3.137,0.009
74989.421,471172.428,0,-95.791,-179.767,-3.138,0.009
75857.758,476628.347,0,-95.991,-179.769,-3.138,0.008
76736.149,482147.444,0,-96.191,-179.772,-3.138,0.008
77624.712,487730.448,0,-96.391,-179.775,-3.138,0.008
78523.563,493378.1,0,-96.591,-179.777,-3.138,0.008
79432.823,499091.149,0,-96.791,-179.78,-3.138,0.008
80352.612,504870.352,0,-96.991,-179.782,-3.138,0.008
81283.052,510716.476,0,-97.191,-179.785,-3.138,0.007
82224.265,516630.294,0,-97.391,-179.787,-3.138,0.007
83176.377,522612.591,0,-97.591,-179.79,-3.138,0.007
84139.514,528664.159,0,-97.791,-179.792,-3.138,0.007
85113.804,534785.802,0,-97.991,-179.795,-3.138,0.007
86099.375,540978.329,0,-98.191,-179.797,-3.138,0.007
87096.359,547242.563,0,-98.391,-179.799,-3.138,0.006
88104.887,553579.333,0,-98.591,-179.802,-3.138,0.006
89125.094,559989.48,0,-98.791,-179.804,-3.138,0.006
90157.114,566473.853,0,-98.991,-179.806,-3.138,0.006
91201.084,573033.311,0,-99.191,-179.808,-3.138,0.006
92257.143,579668.724,0,-99.391,-179.81,-3.138,0.006
93325.43,586380.971,0,-99.591,-179.813,-3.138,0.006
94406.088,593170.943,0,-99.791,-179.815,-3.138,0.005
95499.259,600039.538,0,-99.991,-179.817,-3.138,0.005
96605.088,606987.669,0,-100.191,-179.819,-3.138,0.005
97723.722,614016.255,0,-100.391,-179.821,-3.138,0.005
98855.309,621126.228,0,-100.591,-179.823,-3.139,0.005
100000,628318.531,0,-100.791,-179.825,-3.139,0.005
101157.945,635594.116,0,-100.991,-179.827,-3.139,0.005
102329.299,642953.949,0,-101.191,-179.829,-3.139,0.005
103514.217,650399.005,0,-101.391,-179.831,-3.139,0.005
104712.855,657930.271,0,-101.591,-179.833,-3.139,0.004
105925.373,665548.744,0,-101.791,-179.835,-3.139,0.004
107151.931,673255.436,0,-101.991,-179.837,-3.139,0.004
108392.691,681051.366,0,-102.191,-179.839,-3.139,0.004
109647.82,688937.569,0,-102.391,-179.841,-3.139,0.004
110917.482,696915.09,0,-102.591,-179.842,-3.139,0.004
112201.845,704984.987,0,-102.791,-179.844,-3.139,0.004
113501.082,713148.328,0,-102.991,-179.846,-3.139,0.004
114815.362,721406.196,0,-103.191,-179.848,-3.139,0.004
116144.861,729759.687,0,-103.391,-179.849,-3.139,0.004
117489.755,738209.905,0,-103.591,-179.851,-3.139,0.004
118850.223,746757.973,0,-103.791,-179.853,-3.139,0.003
120226.443,755405.023,0,-103.991,-179.855,-3.139,0.003
121618.6,764152.201,0,-104.191,-179.856,-3.139,0.003
123026.877,773000.666,0,-104.391,-179.858,-3.139,0.003
124451.461,781951.592,0,-104.591,-179.859,-3.139,0.003
125892.541,791006.165,0,-104.791,-179.861,-3.139,0.003
127350.308,800165.585,0,-104.991,-179.863,-3.139,0.003
128824.955,809431.066,0,-105.191,-179.864,-3.139,0.003
130316.678,818803.836,0,-105.391,-179.866,-3.139,0.003
131825.674,828285.137,0,-105.591,-179.867,-3.139,0.003
133352.143,837876.227,0,-105.791,-179.869,-3.139,0.003
134896.288,847578.376,0,-105.991,-179.87,-3.139,0.003
136458.314,857392.871,0,-106.191,-179.872,-3.139,0.003
138038.426,867321.013,0,-106.391,-179.873,-3.139,0.003
139636.836,877364.117,0,-106.591,-179.875,-3.139,0.002
141253.754,887523.515,0,-106.791,-179.876,-3.139,0.002
142889.396,897800.553,0,-106.991,-179.878,-3.139,0.002
144543.977,908196.593,0,-107.191,-179.879,-3.139,0.002
146217.717,918713.014,0,-107.391,-179.88,-3.14,0.002
147910.839,929351.209,0,-107.591,-179.882,-3.14,0.002
149623.566,940112.589,0,-107.791,-179.883,-3.14,0.002
151356.125,950998.58,0,-107.991,-179.884,-3.14,0.002
153108.746,962010.624,0,-108.191,-179.886,-3.14,0.002
154881.662,973150.182,0,-108.391,-179.887,-3.14,0.002
156675.107,984418.73,0,-108.591,-179.888,-3.14,0.002
158489.319,995817.762,0,-108.791,-179.89,-3.14,0.002
160324.539,1007348.788,0,-108.991,-179.891,-3.14,0.002
162181.01,1019013.337,0,-109.191,-179.892,-3.14,0.002
164058.977,1030812.956,0,-109.391,-179.893,-3.14,0.002
165958.691,1042749.207,0,-109.591,-179.895,-3.14,0.002
167880.402,1054823.674,0,-109.791,-179.896,-3.14,0.002
169824.365,1067037.957,0,-109.991,-179.897,-3.14,0.002
171790.839,1079393.674,0,-110.191,-179.898,-3.14,0.002
173780.083,1091892.463,0,-110.391,-179.899,-3.14,0.002
175792.361,1104535.982,0,-110.591,-179.901,-3.14,0.002
177827.941,1117325.906,0,-110.791,-179.902,-3.14,0.002
179887.092,1130263.93,0,-110.991,-179.903,-3.14,0.002
181970.086,1143351.77,0,-111.191,-179.904,-3.14,0.001
184077.2,1156591.159,0,-111.391,-179.905,-3.14,0.001
186208.714,1169983.854,0,-111.591,-179.906,-3.14,0.001
188364.909,1183531.628,0,-111.791,-179.907,-3.14,0.001
190546.072,1197236.279,0,-111.991,-179.908,-3.14,0.001
192752.491,1211099.621,0,-112.191,-179.909,-3.14,0.001
194984.46,1225123.494,0,-112.391,-179.91,-3.14,0.001
197242.274,1239309.756,0,-112.591,-179.911,-3.14,0.001
199526.231,1253660.286,0,-112.791,-179.912,-3.14,0.001
201836.636,1268176.988,0,-112.991,-179.913,-3.14,0.001
204173.794,1282861.786,0,-113.191,-179.914,-3.14,0.001
206538.016,1297716.625,0,-113.391,-179.915,-3.14,0.001
208929.613,1312743.475,0,-113.591,-179.916,-3.14,0.001
211348.904,1327944.328,0,-113.791,-179.917,-3.14,0.001
213796.209,1343321.199,0,-113.991,-179.918,-3.14,0.001
216271.852,1358876.125,0,-114.191,-179.919,-3.14,0.001
218776.162,1374611.169,0,-114.391,-179.92,-3.14,0.001
221309.471,1390528.416,0,-114.591,-179.921,-3.14,0.001
223872.114,1406629.976,0,-114.791,-179.922,-3.14,0.001
226464.431,1422917.984,0,-114.991,-179.923,-3.14,0.001
229086.765,1439394.598,0,-115.191,-179.924,-3.14,0.001
231739.465,1456062.002,0,-115.391,-179.925,-3.14,0.001
234422.882,1472922.405,0,-115.591,-179.925,-3.14,0.001
237137.371,1489978.043,0,-115.791,-179.926,-3.14,0.001
239883.292,1507231.175,0,-115.991,-179.927,-3.14,0.001
242661.01,1524684.09,0,-116.191,-179.928,-3.14,0.001
245470.892,1542339.099,0,-116.391,-179.929,-3.14,0.001
248313.311,1560198.544,0,-116.591,-179.93,-3.14,0.001
251188.643,1578264.792,0,-116.791,-179.93,-3.14,0.001
254097.271,1596540.237,0,-116.991,-179.931,-3.14,0.001
257039.578,1615027.302,0,-117.191,-179.932,-3.14,0.001
260015.956,1633728.436,0,-117.391,-179.933,-3.14,0.001
263026.799,1652646.12,0,-117.591,-179.934,-3.14,0.001
266072.506,1671782.86,0,-117.791,-179.934,-3.14,0.001
269153.48,1691141.193,0,-117.991,-179.935,-3.14,0.001
272270.131,1710723.685,0,-118.191,-179.936,-3.14,0.001
275422.87,1730532.932,0,-118.391,-179.937,-3.14,0.001
278612.117,1750571.559,0,-118.591,-179.937,-3.14,0.001
281838.293,1770842.222,0,-118.791,-179.938,-3.141,0.001
285101.827,1791347.609,0,-118.991,-179.939,-3.141,0.001
288403.15,1812090.437,0,-119.191,-179.939,-3.141,0.001
291742.701,1833073.455,0,-119.391,-179.94,-3.141,0.001
295120.923,1854299.445,0,-119.591,-179.941,-3.141,0.001
298538.262,1875771.221,0,-119.791,-179.941,-3.141,0.001
301995.172,1897491.628,0,-119.991,-179.942,-3.141,0.001
305492.111,1919463.545,0,-120.191,-179.943,-3.141,0.001
309029.543,1941689.886,0,-120.391,-179.943,-3.141,0.001
312607.937,1964173.595,0,-120.591,-179.944,-3.141,0
316227.766,1986917.653,0,-120.791,-179.945,-3.141,0
319889.511,2009925.075,0,-120.991,-179.945,-3.141,0
323593.657,2033198.911,0,-121.191,-179.946,-3.141,0
327340.695,2056742.245,0,-121.391,-179.947,-3.141,0
331131.121,2080558.197,0,-121.591,-179.947,-3.141,0
334965.439,2104649.926,0,-121.791,-179.948,-3.141,0
338844.156,2129020.623,0,-121.991,-179.948,-3.141,0
342767.787,2153673.52,0,-122.191,-179.949,-3.141,0
346736.85,2178611.884,0,-122.391,-179.95,-3.141,0
350751.874,2203839.021,0,-122.591,-179.95,-3.141,0
354813.389,2229358.274,0,-122.791,-179.951,-3.141,0
358921.935,2255173.026,0,-122.991,-179.951,-3.141,0
363078.055,2281286.699,0,-123.191,-179.952,-3.141,0
367282.3,2307702.754,0,-123.391,-179.952,-3.141,0
371535.229,2334424.693,0,-123.591,-179.953,-3.141,0
375837.404,2361456.057,0,-123.791,-179.953,-3.141,0
380189.396,2388800.429,0,-123.991,-179.954,-3.141,0
384591.782,2416461.434,0,-124.191,-179.955,-3.141,0
389045.145,2444442.739,0,-124.391,-179.955,-3.141,0
393550.075,2472748.052,0,-124.591,-179.956,-3.141,0
398107.171,2501381.125,0,-124.791,-179.956,-3.141,0
402717.034,2530345.753,0,-124.991,-179.957,-3.141,0
407380.278,2559645.776,0,-125.191,-179.957,-3.141,0
412097.519,2589285.077,0,-125.391,-179.958,-3.141,0
416869.383,2619267.585,0,-125.591,-179.958,-3.141,0
421696.503,2649597.274,0,-125.791,-179.959,-3.141,0
426579.519,2680278.165,0,-125.991,-179.959,-3.141,0
431519.077,2711314.323,0,-126.191,-179.959,-3.141,0
436515.832,2742709.863,0,-126.391,-179.96,-3.141,0
441570.447,2774468.947,0,-126.591,-179.96,-3.141,0
446683.592,2806595.783,0,-126.791,-179.961,-3.141,0
451855.944,2839094.631,0,-126.991,-179.961,-3.141,0
457088.19,2871969.797,0,-127.191,-179.962,-3.141,0
462381.021,2905225.64,0,-127.391,-179.962,-3.141,0
467735.141,2938866.567,0,-127.591,-179.963,-3.141,0
473151.259,2972897.038,0,-127.791,-179.963,-3.141,0
478630.092,3007321.564,0,-127.991,-179.963,-3.141,0
484172.368,3042144.706,0,-128.191,-179.964,-3.141,0
489778.819,3077371.082,0,-128.391,-179.964,-3.141,0
495450.191,3113005.359,0,-128.591,-179.965,-3.141,0
501187.234,3149052.262,0,-128.791,-179.965,-3.141,0
506990.708,3185516.569,0,-128.991,-179.966,-3.141,0
512861.384,3222403.113,0,-129.191,-179.966,-3.141,0
518800.039,3259716.782,0,-129.391,-179.966,-3.141,0
524807.46,3297462.523,0,-129.591,-179.967,-3.141,0
530884.444,3335645.34,0,-129.791,-179.967,-3.141,0
537031.796,3374270.292,0,-129.991,-179.967,-3.141,0
543250.331,3413342.501,0,-130.191,-179.968,-3.141,0
549540.874,3452867.144,0,-130.391,-179.968,-3.141,0
555904.257,3492849.461,0,-130.591,-179.969,-3.141,0
562341.325,3533294.752,0,-130.791,-179.969,-3.141,0
568852.931,3574208.377,0,-130.991,-179.969,-3.141,0
575439.937,3615595.759,0,-131.191,-179.97,-3.141,0
582103.218,3657462.385,0,-131.391,-179.97,-3.141,0
588843.655,3699813.804,0,-131.591,-179.97,-3.141,0
595662.144,3742655.628,0,-131.791,-179.971,-3.141,0
602559.586,3785993.538,0,-131.991,-179.971,-3.141,0
609536.897,3829833.277,0,-132.191,-179.971,-3.141,0
616595.002,3874180.656,0,-132.391,-179.972,-3.141,0
623734.835,3919041.554,0,-132.591,-179.972,-3.141,0
630957.344,3964421.916,0,-132.791,-179.972,-3.141,0
638263.486,4010327.759,0,-132.991,-179.973,-3.141,0
645654.229,4056765.165,0,-133.191,-179.973,-3.141,0
653130.553,4103740.292,0,-133.391,-179.973,-3.141,0
660693.448,4151259.365,0,-133.591,-179.974,-3.141,0
668343.918,4199328.683,0,-133.791,-179.974,-3.141,0
676082.975,4247954.617,0,-133.991,-179.974,-3.141,0
683911.647,4297143.614,0,-134.191,-179.974,-3.141,0
691830.971,4346902.192,0,-134.391,-179.975,-3.141,0
699841.996,4397236.947,0,-134.591,-179.975,-3.141,0
707945.784,4448154.551,0,-134.791,-179.975,-3.141,0
716143.41,4499661.753,0,-134.991,-179.976,-3.141,0
724435.96,4551765.38,0,-135.191,-179.976,-3.141,0
732824.533,4604472.339,0,-135.391,-179.976,-3.141,0
741310.241,4657789.616,0,-135.591,-179.976,-3.141,0
749894.209,4711724.278,0,-135.791,-179.977,-3.141,0
758577.575,4766283.474,0,-135.991,-179.977,-3.141,0
767361.489,4821474.435,0,-136.191,-179.977,-3.141,0
776247.117,4877304.478,0,-136.391,-179.977,-3.141,0
785235.635,4933781.002,0,-136.591,-179.978,-3.141,0
794328.235,4990911.493,0,-136.791,-179.978,-3.141,0
803526.122,5048703.525,0,-136.991,-179.978,-3.141,0
812830.516,5107164.756,0,-137.191,-179.978,-3.141,0
822242.65,5166302.937,0,-137.391,-179.979,-3.141,0
831763.771,5226125.906,0,-137.591,-179.979,-3.141,0
841395.142,5286641.592,0,-137.791,-179.979,-3.141,0
851138.038,5347858.016,0,-137.991,-179.979,-3.141,0
860993.752,5409783.293,0,-138.191,-179.98,-3.141,0
870963.59,5472425.632,0,-138.391,-179.98,-3.141,0
881048.873,5535793.334,0,-138.591,-179.98,-3.141,0
891250.938,5599894.799,0,-138.791,-179.98,-3.141,0
901571.138,5664738.525,0,-138.991,-179.981,-3.141,0
912010.839,5730333.106,0,-139.191,-179.981,-3.141,0
922571.427,5796687.236,0,-139.391,-179.981,-3.141,0
933254.301,5863809.711,0,-139.591,-179.981,-3.141,0
944060.876,5931709.427,0,-139.791,-179.981,-3.141,0
954992.586,6000395.385,0,-139.991,-179.982,-3.141,0
966050.879,6069876.689,0,-140.191,-179.982,-3.141,0
977237.221,6140162.548,0,-140.391,-179.982,-3.141,0
988553.095,6211262.28,0,-140.591,-179.982,-3.141,0
